source,docs,apidocs
docs/access-token-and-app-id,,index.html#authentication
docs/add-testers-to-a-deployment-group,,deployment_groups/put-add_testers.html
docs/adding-a-beanstalk-repository,repository/beanstalk/index.html,
docs/adding-a-beanstalk-webhook,repository/beanstalk/webhook.html,
docs/adding-a-bitbucket-server-repository,repository/bitbucket_server/index.html,
docs/adding-a-bitbucket-server-webhook,repository/bitbucket_server/webhook.html,
docs/adding-a-bitbucket-webhook,repository/bitbucket/webhook.html,
docs/adding-a-gitlab-webhook,repository/gitlab/webhook.html,
docs/adding-a-gitolite-repository,repository/gitolite/index.html,
docs/adding-a-gitolite-webhook,repository/gitolite/webhook.html,
docs/adding-a-kiln-repository,repository/kiln/index.html,
docs/adding-a-kiln-webhook,repository/kiln/webhook.html,
docs/adding-a-visual-studio-online-repository,repository/visual_studio_online/index.html,
docs/adding-a-visual-studio-online-web-hook,repository/visual_studio_online/webhook.html,
docs/adding-an-aws-codecommit-repository,repository/aws_codecommitindex.html,
docs/adding-an-aws-codecommit-webhook,repository/aws_codecommit/webhook.html,
docs/adding-cordova-ionic-apps,frameworks/cordova_ionic/index.html,
docs/adding-react-native-apps,frameworks/react_native/index.html,
docs/android-auto-versioning,quickstart/android/auto_versioning.html,
docs/android-docker-environment,troubleshooting/android/docker_environment.html,
docs/android-troubleshooting,troubleshooting/android/common.html,
docs/api-developer-guide,,index.html
docs/apple-account-with-two-factor-authentication,integrations/apple_2fa.html,
docs/apple-developer-portal-sync,quickstart/ios/apple_developer_portal_sync.html,
docs/associated-apps,billing/transfer_apps.html,
docs/auto-cancel-builds,builds/auto_cancel_builds.html,
docs/automatic-update,sdk/automatic_update.html,
docs/bitbucket-pipelines,integrations/bitbucket_pipelines.html,
docs/build-logs,builds/build_logs.html,
docs/build-variants,quickstart/android/build_variants.html,
docs/builds-not-deploying-to-itunes-connect,troubleshooting/ios/builds_not_deploying_to_itunes_connect.html,
docs/cancel-a-build,,builds/post-cancel.html
docs/carthage,builds/dependencies/carthage.html,
docs/carthage-custom-command-hidden,builds/dependencies/carthage_custom_command_hidden.html,
docs/ccmenu,integrations/ccmenu.html,
docs/certificate-management,deployments/ios/code_signing/certificate_management.html,
docs/change-app-repo-url,applications/change_repo_url.html,
docs/change-plan,billing/change_plan.html,
docs/cocoapods,builds/dependencies/cocoapods.html,
docs/code-coverage-ios,tests/ios/code_coverage.html,
docs/code-signing-demystified,deployments/ios/code_signing/index.html,
docs/common-build-for-archive-errors,troubleshooting/ios/common_build_for_archive_errors.html,
docs/common-cordova-ionic-build-errors,troubleshooting/frameworks/cordova_ionic.html,
docs/common-google-play-deployment-errors,troubleshooting/android/common_google_play_deployment_errors.html,
docs/common-react-native-errors,troubleshooting/frameworks/react_native.html,
docs/configure-ui-tests-for-video-recording,404.html,
docs/configure-ui-tests-video-recording-ios,tests/ios/configure_ui_tests_video_recording.html,
docs/configuring-deployment-groups,deployments/groups/configure.html,
docs/connect-with-bitbucket-server,quickstart/bitbucket_server.html,
docs/connect-with-github-enterprise,quickstart/github_enterprise.html,
docs/connect-with-privately-hosted-gitlab,quickstart/gitlab_private.html,
docs/cordova-ionic-setup,404.html,
docs/core-data-generated-classes-not-found-by-xcode-8-during-the-build,troubleshooting/ios/core_data_generated_classes_not_found_by_xcode_8_during_the_build.html,
docs/crash-analysis,sdk/crash_analysis.html,
docs/create-an-app-specific-password,404.html,
docs/create-an-organization,billing/create_organization.html,
docs/creating-a-code-signing-identity,deployments/ios/code_signing/create_a_code_signing_identity.html,
docs/custom-prebuild-and-postbuild-steps,builds/custom_build_steps.html,
docs/delete-app,applications/delete.html,
docs/deploy-automatically,deployments/automatic.html,
docs/deploy-manually,deployments/manual.html,
docs/deploying-automatically-to-google-play,deployments/android/google_play/automatic.html,
docs/deploying-manually-to-google-play,deployments/android/google_play/manual.html,
docs/deployment-groups,deployments/groups/index.html,
docs/device-variables-1,builds/device_variables_1.html,
docs/disable-a-build,builds/disable_a_build.html,
docs/displaying-build-number-in-an-android-app-without-sdk-integration,troubleshooting/android/build_number_without_sdk.html,
docs/download-ipa,builds/download_ipa.html,
docs/environment-variables,builds/environment_variables.html,
docs/feedback-reporter,sdk/feedback_reporter.html,
docs/focus-message,deployments/focus_message.html,
docs/getting-device-logs-from-xcode,troubleshooting/ios/getting_device_logs_from_xcode.html,
docs/github-issues,integrations/github_issues.html,
docs/github-webhook,repository/github/webhook.html,
docs/google-play,deployments/android/google_play/index.html,
docs/google-play-overview,deployments/android/google_play/index.html,
docs/hip-chat,integrations/hipchat.html,
docs/installing-apples-updated-intermediate-wwdr-certificate,troubleshooting/ios/installing_updated_wwdr_cert.html,
docs/installing-builds-from-buddybuild,testers/install_builds.html,
docs/instant-replay,sdk/instant_replay.html,
docs/integrate-sdk,quickstart/ios/integrate_sdk.html,
docs/integrating-sdk-android,quickstart/android/integrate_sdk.html,
docs/inviting-testers,quickstart/ios/invite_testers.html,
docs/ios-auto-versioning,quickstart/ios/auto_versioning.html,
docs/ios-build-errors,troubleshooting/ios/common_build_errors.html,
docs/ios-push-notifications,404.html,
docs/itunes-connect,integrations/itunes_connect.html,
docs/itunesconnect,deployments/ios/itunes_connect.html,
docs/jira,integrations/jira.html,
docs/keystore-basics,deployments/android/keystores/index.html,
docs/leaving-feedback,testers/leave_feedback.html,
docs/list-apps,,apps/get-list.html
docs/list-branches,,apps/get-list_branches.html
docs/list-buddybuild-ip-address-ranges,,misc/get-ip_ranges.html
docs/list-builds,,apps/gt-list_branches.html
docs/log-react-native-javascript-using-the-sdk-ios,frameworks/react_native/log_javascript.html,
docs/logging-in-with-git-ssh,quickstart/ssh.html,
docs/manage-app-access,applications/access.html,
docs/managing-github-permissions,404.html,
docs/managing-your-keystores,deployments/android/keystores/manage.html,
docs/manual-sdk-integration,quickstart/android/manual_sdk_integration.html,
docs/meteor-setup,frameworks/cordova_ionic/meteor.html,
docs/migrate-to-buddybuilds-github-application,repository/github/migrate_application.html,
docs/missing-podfilelock,troubleshooting/ios/missing_podfilelock.html,
docs/missing-schemes,troubleshooting/ios/missing_schemes.html,
docs/payment-details,billing/payment_details.html,
docs/pivotal-tracker,integrations/pivotal_tracker.html,
docs/provisioning-profile-explorer,builds/provisioning_profile_explorer.html,
docs/pull-requests,builds/pull_requests.html,
docs/query-a-build,,builds/get-build.html
docs/query-deployment-groups,,deployment_groups/get-list.html
docs/query-the-latest-build,,builds/get-latest_build.html
docs/remove-testers-from-a-deployment-group,,deployment_groups/delete-testers.html
docs/rename-app,applications/rename.html,
docs/scheduled-deployments,deployments/scheduled.html,
docs/scheduling-builds,builds/schedule_builds.html,
docs/sdk-api,sdk/api.html,
docs/sdk-feature-settings,sdk/feature_settings.html,
docs/sdk-integration,sdk/integration.html,
docs/sdk-manual-integration,quickstart/android/manual_sdk_integration.html,
docs/sdk-manual-integration-android,sdk/android_manual_integration.html,
docs/secure-files,builds/secure_files.html,
docs/selecting-a-repo-and-app-to-build,quickstart/ios/select_a_repo_and_app_to_build.html,
docs/selecting-an-app,quickstart/android/selecting_an_app.html,
docs/setting-up-a-webhook,repository/webhooks.html,
docs/setting-up-the-google-play-developer-console,deployments/android/google_play/developer_console.html,
docs/show-code-coverage,,builds/get-show_coverage.html
docs/show-test-results,,builds/get-test_results.html
docs/signing-up-with-aws-codecommit,quickstart/aws_codecommit.html,
docs/signing-up-with-bitbucket,quickstart/bitbucket.html,
docs/signing-up-with-github,quickstart/github.html,
docs/signing-up-with-gitlab,quickstart/gitlab.html,
docs/signing-up-with-ssh,quickstart/ssh.html,
docs/skipping-a-build,builds/skip_a_build.html,
docs/skipping-builds,builds/skip_a_build.html,
docs/slack,integrations/slack.html,
docs/slack-oauth,404.html,
docs/spec-repo-not-compatible-with-older-cocoapods-versions,troubleshooting/ios/spec_repo_not_compatible_with_older_cocoapods_versions.html,
docs/ssh-with-bitbucket,repository/bitbucket/index.html,
docs/ssh-with-github,repository/github/index.html,
docs/ssh-with-gitlab,repository/gitlab/index.html,
docs/status-badges,builds/status_badges.html,
docs/submodules,builds/dependencies/submodules.html,
docs/supported-source-control-systems,repository/index.html,
docs/testing,quickstart/android/testing.html,
docs/tests,tests/ios/tests.html,
docs/transfer-apps-between-organizations,billing/transfer_apps.html,
docs/trello,integrations/trello.html,
docs/trigger-a-build,,builds/post-trigger.html
docs/trouble-cloning-repo,404.html,
docs/trouble-installing-builds,troubleshooting/ios/install_builds.html,
docs/trouble-taking-screenshots-for-feedback-reporter,404.html,
docs/troubleshooting-google-play-errors,troubleshooting/android/google_play.html,
docs/ui-tests-on-physical-devices,tests/android/physical_devices.html,
docs/ui-tests-on-virtual-devices,tests/android/virtual_devices.html,
docs/uploading-certificates-manually,deployments/ios/code_signing/upload_manually.html,
docs/usage-tracking,sdk/usage_tracking.html,
docs/user-not-getting-alert-when-a-new-version-of-app-is-available,troubleshooting/user_not_getting_alert_when_a_new_version_of_app_is_available.html,
docs/what-is-buddybuild,welcome/index.html,
docs/xcode-versions,builds/xcode_versions.html,
welcome/billing/change_plan.html,billing/change_plan.html,
welcome/billing/create_organization.html,billing/create_organization.html,
welcome/billing/payment_details.html,billing/payment_details.html,
welcome/billing/transfer_apps.html,billing/transfer_apps.html,
welcome/billing/transfer_apps.html,billing/transfer_apps.html,
welcome/testers/install_builds.html,testers/install_builds.html,
welcome/testers/leave_feedback.html,testers/leave_feedback.html,
